,audio_file,trs,emo_lables,probs_all
0,/data/yongxin/THERADIA_MRG/Data/WavsProcessed/M02E/M02E_seance1_0605/M02E_1_001.wav,,"['annoyed', 'frustrated', 'happy', 'interested', 'surprised']","{'annoyed': 42.60269633012978, 'anxious': 26.566090707313954, 'confident': 31.113818103348564, 'desperate': 13.471446262008843, 'frustrated': 67.03129663496699, 'happy': 39.173757021340975, 'interested': 73.042278243477, 'relaxed': 36.179724006048126, 'satisfied': 28.5454322474336, 'surprised': 68.55007391095114}"
1,/data/yongxin/THERADIA_MRG/Data/WavsProcessed/M02E/M02E_seance1_0605/M02E_1_002.wav,,"['annoyed', 'anxious', 'desperate', 'frustrated', 'happy', 'interested', 'surprised']","{'annoyed': 37.28313326469908, 'anxious': 35.07537980242907, 'confident': 23.41212346482965, 'desperate': 41.905760317355586, 'frustrated': 73.27563299275857, 'happy': 44.16297154906128, 'interested': 66.5900413695374, 'relaxed': 22.871521459745825, 'satisfied': 17.436788582004237, 'surprised': 55.58971229845782}"
2,/data/yongxin/THERADIA_MRG/Data/WavsProcessed/M02E/M02E_seance1_0605/M02E_1_003.wav,,"['anxious', 'desperate', 'frustrated', 'happy', 'interested', 'surprised']","{'annoyed': 17.6566393786889, 'anxious': 40.38759329997552, 'confident': 25.173942941792482, 'desperate': 50.12044601223685, 'frustrated': 76.4315766215367, 'happy': 59.72411344471522, 'interested': 81.50764981995218, 'relaxed': 29.844764973044864, 'satisfied': 32.145863313722465, 'surprised': 48.891172580784975}"
3,/data/yongxin/THERADIA_MRG/Data/WavsProcessed/M02E/M02E_seance1_0605/M02E_1_004.wav,,"['annoyed', 'frustrated', 'happy', 'interested', 'surprised']","{'annoyed': 31.4260577053759, 'anxious': 28.179478494476054, 'confident': 24.58481566661504, 'desperate': 24.876474408804363, 'frustrated': 65.1704516255595, 'happy': 49.43618708833729, 'interested': 70.30413168286834, 'relaxed': 35.05839320281807, 'satisfied': 28.618536897086248, 'surprised': 60.804026660646414}"
4,/data/yongxin/THERADIA_MRG/Data/WavsProcessed/M02E/M02E_seance1_0605/M02E_1_005.wav,,"['anxious', 'frustrated', 'happy', 'interested', 'surprised']","{'annoyed': 21.842238611378967, 'anxious': 32.95471774250366, 'confident': 27.345147913196133, 'desperate': 27.77050833177591, 'frustrated': 71.43656542641259, 'happy': 43.04966602993481, 'interested': 72.34187091066946, 'relaxed': 35.163442957978695, 'satisfied': 29.792823076265737, 'surprised': 59.03677856678318}"
5,/data/yongxin/THERADIA_MRG/Data/WavsProcessed/M02E/M02E_seance1_0605/M02E_1_006.wav,en voiture,"['confident', 'desperate', 'frustrated', 'happy', 'interested', 'surprised']","{'annoyed': 18.47145865006561, 'anxious': 19.49126737285157, 'confident': 58.23752214399563, 'desperate': 31.858371626705868, 'frustrated': 65.5592861537819, 'happy': 44.815756360413616, 'interested': 60.66744600582563, 'relaxed': 36.35878243538369, 'satisfied': 46.157041794435614, 'surprised': 38.429660697526494}"
6,/data/yongxin/THERADIA_MRG/Data/WavsProcessed/M02E/M02E_seance1_0605/M02E_1_007.wav,j'ai pas regardé mais environ 30 minutes,"['desperate', 'frustrated', 'happy', 'interested', 'surprised']","{'annoyed': 6.207926853844441, 'anxious': 24.787405292060175, 'confident': 38.44915569559102, 'desperate': 35.143335241979294, 'frustrated': 84.46196316373519, 'happy': 47.0591328232011, 'interested': 62.3339900470288, 'relaxed': 36.57682040331481, 'satisfied': 43.93563821460128, 'surprised': 44.00102894787292}"
7,/data/yongxin/THERADIA_MRG/Data/WavsProcessed/M02E/M02E_seance1_0605/M02E_1_008.wav,,"['annoyed', 'anxious', 'desperate', 'frustrated', 'happy', 'interested', 'surprised']","{'annoyed': 39.926607542865334, 'anxious': 37.56609716568818, 'confident': 16.55024412771457, 'desperate': 54.10742804659914, 'frustrated': 87.40757512724143, 'happy': 50.87497921387385, 'interested': 79.98309272383256, 'relaxed': 20.66956756375997, 'satisfied': 11.75739913187922, 'surprised': 48.087739265417994}"
8,/data/yongxin/THERADIA_MRG/Data/WavsProcessed/M02E/M02E_seance1_0605/M02E_1_009.wav,,"['annoyed', 'desperate', 'frustrated', 'happy', 'interested', 'surprised']","{'annoyed': 45.2852365546195, 'anxious': 25.920265586173524, 'confident': 12.435768987626329, 'desperate': 47.41033127703115, 'frustrated': 76.92296854127113, 'happy': 47.65147128162122, 'interested': 85.67767251504236, 'relaxed': 23.901367252047525, 'satisfied': 11.880508677838186, 'surprised': 58.50405841375865}"
9,/data/yongxin/THERADIA_MRG/Data/WavsProcessed/M02E/M02E_seance1_0605/M02E_1_010.wav,78 ans,"['confident', 'frustrated', 'happy', 'interested', 'satisfied', 'surprised']","{'annoyed': 0.5606553730325228, 'anxious': 12.519749714712876, 'confident': 63.55547832316738, 'desperate': 22.506805887656082, 'frustrated': 76.3874171704473, 'happy': 59.689889812615704, 'interested': 90.98687761827483, 'relaxed': 38.72395972235573, 'satisfied': 54.55437738222052, 'surprised': 33.384648916048405}"
10,/data/yongxin/THERADIA_MRG/Data/WavsProcessed/M02E/M02E_seance1_0605/M02E_1_011.wav,oui,"['confident', 'frustrated', 'happy', 'interested', 'relaxed', 'satisfied', 'surprised']","{'annoyed': 1.2844901823974197, 'anxious': 0.4363369461801998, 'confident': 89.13259896151685, 'desperate': 7.695697074528849, 'frustrated': 37.735898146655586, 'happy': 59.66264500025162, 'interested': 110.00038756766378, 'relaxed': 53.73156827058266, 'satisfied': 75.92976551776897, 'surprised': 31.63686240216447}"
11,/data/yongxin/THERADIA_MRG/Data/WavsProcessed/M02E/M02E_seance1_0605/M02E_1_012.wav,3 filles et un garçon,"['desperate', 'frustrated', 'happy', 'interested', 'satisfied', 'surprised']","{'annoyed': 11.844590888102204, 'anxious': 17.764262521623092, 'confident': 43.87336443365604, 'desperate': 32.92737566359316, 'frustrated': 96.12329775574284, 'happy': 64.92229853559729, 'interested': 74.81689286399529, 'relaxed': 25.512941487886312, 'satisfied': 51.737815376488314, 'surprised': 33.48325782676494}"
12,/data/yongxin/THERADIA_MRG/Data/WavsProcessed/M02E/M02E_seance1_0605/M02E_1_013.wav,,"['anxious', 'desperate', 'frustrated', 'happy', 'interested', 'surprised']","{'annoyed': 24.021183833412692, 'anxious': 36.96991849310581, 'confident': 29.71882701380064, 'desperate': 37.42652238360261, 'frustrated': 77.19486056219847, 'happy': 46.875968507742435, 'interested': 89.30466510750597, 'relaxed': 25.981199597895944, 'satisfied': 23.851604741004305, 'surprised': 48.01834361387427}"
13,/data/yongxin/THERADIA_MRG/Data/WavsProcessed/M02E/M02E_seance1_0605/M02E_1_014.wav,,"['anxious', 'desperate', 'frustrated', 'happy', 'interested', 'surprised']","{'annoyed': 24.82369117443593, 'anxious': 39.53338725280115, 'confident': 28.118396696233287, 'desperate': 42.26995172517041, 'frustrated': 68.33392278264773, 'happy': 52.92678624975124, 'interested': 76.36688984624041, 'relaxed': 30.436096176833583, 'satisfied': 33.26197512634928, 'surprised': 47.640802207565365}"
14,/data/yongxin/THERADIA_MRG/Data/WavsProcessed/M02E/M02E_seance1_0605/M02E_1_015.wav,,"['annoyed', 'anxious', 'desperate', 'frustrated', 'happy', 'interested', 'surprised']","{'annoyed': 25.73844135296029, 'anxious': 35.205512013474895, 'confident': 36.763438182065656, 'desperate': 40.87885520549088, 'frustrated': 87.82661747241372, 'happy': 43.44753700597883, 'interested': 86.85499007848074, 'relaxed': 32.01582682390767, 'satisfied': 22.645355416858557, 'surprised': 42.22305933376887}"
15,/data/yongxin/THERADIA_MRG/Data/WavsProcessed/M02E/M02E_seance1_0605/M02E_1_016.wav,,"['anxious', 'desperate', 'frustrated', 'happy', 'surprised']","{'annoyed': 8.977507404065967, 'anxious': 46.212013002708844, 'confident': 17.830224293121645, 'desperate': 31.9223790666533, 'frustrated': 79.10801872027112, 'happy': 47.986269920634754, 'interested': 57.08994218357294, 'relaxed': 28.759279476412313, 'satisfied': 31.10113317880498, 'surprised': 47.47869221095602}"
16,/data/yongxin/THERADIA_MRG/Data/WavsProcessed/M02E/M02E_seance1_0605/M02E_1_017.wav,beaucoup,"['confident', 'desperate', 'frustrated', 'happy', 'interested', 'surprised']","{'annoyed': 18.5831141279378, 'anxious': 22.62889647936215, 'confident': 48.69660424182477, 'desperate': 30.053903846702816, 'frustrated': 61.43690365132661, 'happy': 60.55077442422448, 'interested': 62.98963688914471, 'relaxed': 39.09473792446819, 'satisfied': 35.98327194950539, 'surprised': 38.68658473756412}"
17,/data/yongxin/THERADIA_MRG/Data/WavsProcessed/M02E/M02E_seance1_0605/M02E_1_018.wav,je suis retraitée,"['confident', 'desperate', 'frustrated', 'happy', 'interested', 'surprised']","{'annoyed': 8.282376561917728, 'anxious': 21.990846220934294, 'confident': 53.54085726515202, 'desperate': 38.82317726094245, 'frustrated': 80.8194543095378, 'happy': 64.87435881627152, 'interested': 73.03338841346851, 'relaxed': 46.89408939056325, 'satisfied': 49.028809158803895, 'surprised': 34.07600081300946}"
18,/data/yongxin/THERADIA_MRG/Data/WavsProcessed/M02E/M02E_seance1_0605/M02E_1_019.wav,enseignant-chercheur,"['confident', 'frustrated', 'happy', 'interested', 'relaxed', 'satisfied', 'surprised']","{'annoyed': 22.13284892417152, 'anxious': 22.18093780754346, 'confident': 69.86586819530056, 'desperate': 27.13447728748103, 'frustrated': 52.611244092651376, 'happy': 52.300094010043935, 'interested': 97.54755940458122, 'relaxed': 61.4861213203609, 'satisfied': 66.07408872412006, 'surprised': 32.10293351491554}"
19,/data/yongxin/THERADIA_MRG/Data/WavsProcessed/M02E/M02E_seance1_0605/M02E_1_020.wav,,"['annoyed', 'frustrated', 'happy', 'interested', 'surprised']","{'annoyed': 28.999486298218322, 'anxious': 22.884332775634665, 'confident': 34.9988101630951, 'desperate': 21.56354220469864, 'frustrated': 64.15849330552523, 'happy': 41.33471840787678, 'interested': 80.18550740670969, 'relaxed': 32.783067605700914, 'satisfied': 24.970957786329553, 'surprised': 63.19960929541821}"
20,/data/yongxin/THERADIA_MRG/Data/WavsProcessed/M02E/M02E_seance1_0605/M02E_1_021.wav,oui j'aime beaucoup marcher dans la ville,"['confident', 'frustrated', 'happy', 'interested', 'relaxed', 'satisfied']","{'annoyed': 15.665043392607117, 'anxious': 17.023937417155636, 'confident': 72.75946880571074, 'desperate': 18.55477996342492, 'frustrated': 51.576458643682706, 'happy': 80.37773345375807, 'interested': 86.33667172115105, 'relaxed': 50.67017870832737, 'satisfied': 70.27246366488718, 'surprised': 27.235009430126645}"
21,/data/yongxin/THERADIA_MRG/Data/WavsProcessed/M02E/M02E_seance1_0605/M02E_1_022.wav,,"['annoyed', 'anxious', 'frustrated', 'happy', 'interested', 'surprised']","{'annoyed': 48.40923317269956, 'anxious': 42.899673464837775, 'confident': 21.9694613844024, 'desperate': 27.241450033466, 'frustrated': 67.43414837642902, 'happy': 58.595596882664566, 'interested': 70.90185650815963, 'relaxed': 32.76127991238451, 'satisfied': 29.930016763154523, 'surprised': 54.03115683899962}"
22,/data/yongxin/THERADIA_MRG/Data/WavsProcessed/M02E/M02E_seance1_0605/M02E_1_023.wav,pas trop mal,"['frustrated', 'happy', 'interested', 'relaxed', 'surprised']","{'annoyed': 18.630935417143032, 'anxious': 25.39422179150561, 'confident': 44.80425259551184, 'desperate': 26.454203870685173, 'frustrated': 68.90188168034436, 'happy': 37.05502791453478, 'interested': 93.04388198711644, 'relaxed': 56.1133705853472, 'satisfied': 42.93399336675501, 'surprised': 58.543083405578514}"
23,/data/yongxin/THERADIA_MRG/Data/WavsProcessed/M02E/M02E_seance1_0605/M02E_1_024.wav,,"['anxious', 'desperate', 'frustrated', 'happy', 'interested', 'surprised']","{'annoyed': 19.40395804402829, 'anxious': 36.59391847988056, 'confident': 27.06369384623844, 'desperate': 37.09740620438338, 'frustrated': 87.34679696221501, 'happy': 43.30600485828983, 'interested': 72.58087419997443, 'relaxed': 22.198055241939855, 'satisfied': 33.82984867407947, 'surprised': 50.50609050936036}"
24,/data/yongxin/THERADIA_MRG/Data/WavsProcessed/M02E/M02E_seance1_0605/M02E_1_025.wav,,"['anxious', 'frustrated', 'happy', 'interested', 'surprised']","{'annoyed': 22.842679870453544, 'anxious': 35.24812987581494, 'confident': 20.114395740607016, 'desperate': 26.446492334166194, 'frustrated': 68.13951486389209, 'happy': 47.759615964253825, 'interested': 72.19059267259436, 'relaxed': 40.944703701389685, 'satisfied': 47.79182588522556, 'surprised': 49.84972344723855}"
25,/data/yongxin/THERADIA_MRG/Data/WavsProcessed/M02E/M02E_seance1_0605/M02E_1_026.wav,,"['anxious', 'desperate', 'frustrated', 'happy', 'interested', 'surprised']","{'annoyed': 16.836416845840116, 'anxious': 30.847988125728577, 'confident': 19.032693847408204, 'desperate': 37.091131904602534, 'frustrated': 75.39165976023823, 'happy': 46.717123000892556, 'interested': 80.98724962286627, 'relaxed': 29.667514893611212, 'satisfied': 27.138161840656203, 'surprised': 37.42271452578661}"
26,/data/yongxin/THERADIA_MRG/Data/WavsProcessed/M02E/M02E_seance1_0605/M02E_1_027.wav,parce que je suis moi-même chercheur donc je suis très envie d'aider mes collègues participer à une expérience correspond à ça,"['confident', 'frustrated', 'happy', 'interested', 'satisfied', 'surprised']","{'annoyed': 12.2667288575241, 'anxious': 27.456425075647093, 'confident': 69.78804201165583, 'desperate': 18.909358261654358, 'frustrated': 38.98432569535602, 'happy': 75.77294863059514, 'interested': 111.06677391641705, 'relaxed': 47.043110123054966, 'satisfied': 61.574821914806286, 'surprised': 37.15841922997945}"
27,/data/yongxin/THERADIA_MRG/Data/WavsProcessed/M02E/M02E_seance1_0605/M02E_1_028.wav,,"['anxious', 'desperate', 'frustrated', 'happy', 'interested', 'surprised']","{'annoyed': 14.210763050696507, 'anxious': 40.00572717475662, 'confident': 26.328768946194717, 'desperate': 37.94787200530438, 'frustrated': 70.82465735539935, 'happy': 56.9505017504587, 'interested': 68.60315329463589, 'relaxed': 29.771178176367467, 'satisfied': 29.442459961001965, 'surprised': 46.54424610863481}"
28,/data/yongxin/THERADIA_MRG/Data/WavsProcessed/M02E/M02E_seance1_0605/M02E_1_029.wav,,"['anxious', 'desperate', 'frustrated', 'happy', 'interested', 'surprised']","{'annoyed': 24.701292921839478, 'anxious': 35.82901861824044, 'confident': 31.96019273207499, 'desperate': 36.12947594910548, 'frustrated': 76.64609285482963, 'happy': 38.78074039244669, 'interested': 75.73672539567195, 'relaxed': 33.696704275849626, 'satisfied': 24.570459884521924, 'surprised': 60.85707103445175}"
29,/data/yongxin/THERADIA_MRG/Data/WavsProcessed/M02E/M02E_seance1_0605/M02E_1_030.wav,,"['anxious', 'frustrated', 'happy', 'interested', 'satisfied', 'surprised']","{'annoyed': 21.818450158867975, 'anxious': 31.367612447986694, 'confident': 30.73034245451691, 'desperate': 28.169627560053332, 'frustrated': 62.45329273503596, 'happy': 58.34001053940648, 'interested': 79.69980596289255, 'relaxed': 29.850368581354957, 'satisfied': 56.212484421748776, 'surprised': 43.41766738509537}"
30,/data/yongxin/THERADIA_MRG/Data/WavsProcessed/M02E/M02E_seance1_0605/M02E_1_031.wav,,"['anxious', 'desperate', 'frustrated', 'happy', 'interested', 'surprised']","{'annoyed': 16.171616618095666, 'anxious': 37.063361187883736, 'confident': 29.459534295417317, 'desperate': 35.81714190114724, 'frustrated': 68.1272292404408, 'happy': 52.12508084614379, 'interested': 76.00123743244706, 'relaxed': 34.958529374586746, 'satisfied': 37.73714229497861, 'surprised': 56.20070275751695}"
31,/data/yongxin/THERADIA_MRG/Data/WavsProcessed/M02E/M02E_seance1_0605/M02E_1_032.wav,répondre à des questions sur ce que je fais ce que j'aime faire ce que et puis espèce de devinette des choses qui ressemble à des mots croisés des exercices mettant en jeu le langage et la manière de compter de manière générale globale,"['anxious', 'confident', 'desperate', 'frustrated', 'happy', 'interested', 'surprised']","{'annoyed': 8.473432125736242, 'anxious': 33.55155553050049, 'confident': 59.17410515128705, 'desperate': 30.363284332118624, 'frustrated': 42.930656516328476, 'happy': 77.01501453559601, 'interested': 104.67965879442716, 'relaxed': 44.71830117886438, 'satisfied': 44.39129551671547, 'surprised': 35.50177908565428}"
32,/data/yongxin/THERADIA_MRG/Data/WavsProcessed/M02E/M02E_seance1_0605/M02E_1_033.wav,et bien quand ça marche c'est simple on peut on peut passer au suivant mais c'est quand on est bloqué on est parfois surpris par exemple il va me Brésil liste de 4 unités je suis en panne de la première donc j'essaie de réfléchir à comment optimiser sa,"['confident', 'frustrated', 'happy', 'interested', 'surprised']","{'annoyed': 5.928992714953003, 'anxious': 14.009545820623845, 'confident': 45.51385094360745, 'desperate': 26.311656372193127, 'frustrated': 53.637258373209576, 'happy': 70.6646583066918, 'interested': 83.89914194058053, 'relaxed': 45.82096334592834, 'satisfied': 48.89235311350943, 'surprised': 37.57111816601859}"
33,/data/yongxin/THERADIA_MRG/Data/WavsProcessed/M02E/M02E_seance1_0605/M02E_1_034.wav,,"['anxious', 'desperate', 'frustrated', 'happy', 'interested', 'surprised']","{'annoyed': 22.23104387782569, 'anxious': 37.407319913649445, 'confident': 16.632628569701147, 'desperate': 31.382956604405393, 'frustrated': 70.17974302933345, 'happy': 51.195356427527216, 'interested': 75.17036076532256, 'relaxed': 22.891036705083657, 'satisfied': 23.218197502212618, 'surprised': 53.73126243971796}"
34,/data/yongxin/THERADIA_MRG/Data/WavsProcessed/M02E/M02E_seance1_0605/M02E_1_035.wav,,"['annoyed', 'anxious', 'desperate', 'frustrated', 'happy', 'interested', 'surprised']","{'annoyed': 48.18233027779556, 'anxious': 34.133804305993195, 'confident': 20.800906012748747, 'desperate': 44.26382985512756, 'frustrated': 74.89463323097755, 'happy': 54.39057252280983, 'interested': 79.09990791291762, 'relaxed': 23.907587276183783, 'satisfied': 20.0522075797186, 'surprised': 61.33942874776402}"
35,/data/yongxin/THERADIA_MRG/Data/WavsProcessed/M02E/M02E_seance1_0605/M02E_1_036.wav,,"['anxious', 'frustrated', 'happy', 'interested', 'surprised']","{'annoyed': 14.505200254189859, 'anxious': 42.01773328044575, 'confident': 29.30871711986768, 'desperate': 29.03619659641638, 'frustrated': 65.92113048413657, 'happy': 54.692867970049775, 'interested': 87.5863013306753, 'relaxed': 37.703378279503504, 'satisfied': 33.40954138213256, 'surprised': 48.86061985315235}"
36,/data/yongxin/THERADIA_MRG/Data/WavsProcessed/M02E/M02E_seance1_0605/M02E_1_037.wav,,"['anxious', 'desperate', 'frustrated', 'happy', 'interested', 'surprised']","{'annoyed': 23.3834410956204, 'anxious': 37.073861557863815, 'confident': 27.002565774428913, 'desperate': 37.33638168433804, 'frustrated': 60.31199930046851, 'happy': 54.21276073454089, 'interested': 86.92098042976238, 'relaxed': 31.578340584787373, 'satisfied': 29.765567509294872, 'surprised': 50.61546151798633}"
37,/data/yongxin/THERADIA_MRG/Data/WavsProcessed/M02E/M02E_seance1_0605/M02E_1_038.wav,oui,"['confident', 'happy', 'interested', 'relaxed', 'satisfied', 'surprised']","{'annoyed': 17.21462842240829, 'anxious': -0.7556936249646036, 'confident': 88.05030830193638, 'desperate': 2.541198879410758, 'frustrated': 29.359976375539574, 'happy': 63.03956698180884, 'interested': 104.95933752308844, 'relaxed': 53.3294612887655, 'satisfied': 74.17632670759315, 'surprised': 34.36077625859063}"
38,/data/yongxin/THERADIA_MRG/Data/WavsProcessed/M02E/M02E_seance1_0605/M02E_1_039.wav,OK,"['annoyed', 'confident', 'frustrated', 'happy', 'surprised']","{'annoyed': 26.42122402506827, 'anxious': 18.13690795533904, 'confident': 45.26956356838122, 'desperate': 22.577628250544077, 'frustrated': 91.40520451090549, 'happy': 59.656747180999965, 'interested': 55.72993710747312, 'relaxed': 32.30543035193752, 'satisfied': 46.047785353956144, 'surprised': 42.507445987963266}"
39,/data/yongxin/THERADIA_MRG/Data/WavsProcessed/M02E/M02E_seance1_0605/M02E_1_040.wav,,"['annoyed', 'anxious', 'desperate', 'frustrated', 'happy', 'interested', 'surprised']","{'annoyed': 37.24277065162173, 'anxious': 46.82471521018773, 'confident': 23.44853755065975, 'desperate': 40.28849140304433, 'frustrated': 78.78806010847408, 'happy': 50.69183875549609, 'interested': 71.47023722902287, 'relaxed': 24.779977157066714, 'satisfied': 16.94505623580964, 'surprised': 71.4012215358237}"
40,/data/yongxin/THERADIA_MRG/Data/WavsProcessed/M02E/M02E_seance1_0605/M02E_1_041.wav,,"['annoyed', 'anxious', 'desperate', 'frustrated', 'happy', 'interested', 'surprised']","{'annoyed': 38.18730700388211, 'anxious': 46.0612789676434, 'confident': 20.911094628121404, 'desperate': 52.16092860667967, 'frustrated': 89.41877433935139, 'happy': 47.429560145336964, 'interested': 66.4188668108633, 'relaxed': 21.43525746079726, 'satisfied': 11.954792106237448, 'surprised': 74.18136903460142}"
41,/data/yongxin/THERADIA_MRG/Data/WavsProcessed/M02E/M02E_seance1_0605/M02E_1_042.wav,,"['annoyed', 'anxious', 'desperate', 'frustrated', 'happy', 'interested', 'surprised']","{'annoyed': 26.725590041600064, 'anxious': 43.9398619169618, 'confident': 20.190190249679116, 'desperate': 40.929779061751056, 'frustrated': 84.03861939930634, 'happy': 43.614308002675315, 'interested': 66.51506012709966, 'relaxed': 22.041490117226736, 'satisfied': 10.117986003231922, 'surprised': 77.24075757110425}"
42,/data/yongxin/THERADIA_MRG/Data/WavsProcessed/M02E/M02E_seance1_0605/M02E_1_043.wav,,"['annoyed', 'anxious', 'desperate', 'frustrated', 'happy', 'interested', 'surprised']","{'annoyed': 42.25122540712411, 'anxious': 45.21444972760426, 'confident': 19.288815427387224, 'desperate': 46.54906212181287, 'frustrated': 89.31411691755876, 'happy': 41.89758292540206, 'interested': 67.14247586078916, 'relaxed': 18.007537562717452, 'satisfied': 7.782553179736684, 'surprised': 78.41356673388275}"
43,/data/yongxin/THERADIA_MRG/Data/WavsProcessed/M02E/M02E_seance1_0605/M02E_1_044.wav,oui parce que le déplacement est plus long que moi je le produit donc j'ai répondu trop tôt de fois,"['anxious', 'confident', 'desperate', 'frustrated', 'happy', 'interested', 'satisfied', 'surprised']","{'annoyed': 9.744217642242633, 'anxious': 31.8992119476553, 'confident': 54.98342231182296, 'desperate': 31.560757700797403, 'frustrated': 54.51588078086274, 'happy': 61.718027197884766, 'interested': 86.88119967322322, 'relaxed': 41.96853541998731, 'satisfied': 56.308613613764365, 'surprised': 45.74068375767413}"
44,/data/yongxin/THERADIA_MRG/Data/WavsProcessed/M02E/M02E_seance1_0605/M02E_1_045.wav,stratégie importante en fait il faut bien regarder prendre la formation sur le lieu et l'ordre des choses,"['confident', 'desperate', 'frustrated', 'happy', 'interested', 'surprised']","{'annoyed': 14.538658445464444, 'anxious': 27.970178836982274, 'confident': 60.61549397845776, 'desperate': 34.68935247012304, 'frustrated': 60.16675069189225, 'happy': 73.48133068555732, 'interested': 103.68536485653945, 'relaxed': 48.71693729400862, 'satisfied': 46.70143952268286, 'surprised': 32.26347254683648}"
45,/data/yongxin/THERADIA_MRG/Data/WavsProcessed/M02E/M02E_seance1_0605/M02E_1_046.wav,oui,"['annoyed', 'confident', 'frustrated', 'happy', 'interested', 'satisfied', 'surprised']","{'annoyed': 37.102219408642036, 'anxious': 2.227033957787052, 'confident': 86.53489689189679, 'desperate': 14.902487749366841, 'frustrated': 44.68368633643297, 'happy': 56.49711392336205, 'interested': 115.97455753125001, 'relaxed': 47.90093357797606, 'satisfied': 65.65393442909684, 'surprised': 31.848892286379}"
46,/data/yongxin/THERADIA_MRG/Data/WavsProcessed/M02E/M02E_seance1_0605/M02E_1_047.wav,,"['annoyed', 'anxious', 'desperate', 'frustrated', 'happy', 'interested', 'surprised']","{'annoyed': 35.60428135961165, 'anxious': 49.70029588325379, 'confident': 16.05149909137979, 'desperate': 44.88138831673321, 'frustrated': 82.74072876739972, 'happy': 42.153914542931474, 'interested': 64.07048275755068, 'relaxed': 13.421947601419081, 'satisfied': 13.090924247356078, 'surprised': 77.87111248531073}"
47,/data/yongxin/THERADIA_MRG/Data/WavsProcessed/M02E/M02E_seance1_0605/M02E_1_048.wav,,"['annoyed', 'anxious', 'desperate', 'frustrated', 'happy', 'interested', 'surprised']","{'annoyed': 50.92780604811555, 'anxious': 30.848043341085507, 'confident': 23.399253192334697, 'desperate': 36.13149545223357, 'frustrated': 71.13849103873622, 'happy': 39.77317546718931, 'interested': 93.2145061166153, 'relaxed': 22.3411326628024, 'satisfied': 30.03116140120663, 'surprised': 47.929928577653854}"
48,/data/yongxin/THERADIA_MRG/Data/WavsProcessed/M02E/M02E_seance1_0605/M02E_1_049.wav,est-ce que j'ai repéré qu'il fallait se laisser suffisamment de temps au programme pour présenter la série facilement,"['confident', 'frustrated', 'happy', 'interested', 'surprised']","{'annoyed': 18.807998175818646, 'anxious': 26.452334748034136, 'confident': 47.370674138495914, 'desperate': 29.91066060029234, 'frustrated': 65.30913565486988, 'happy': 56.964974760572915, 'interested': 94.05805836504814, 'relaxed': 32.65105520028571, 'satisfied': 45.32220654877292, 'surprised': 37.76251889856368}"
49,/data/yongxin/THERADIA_MRG/Data/WavsProcessed/M02E/M02E_seance1_0605/M02E_1_050.wav,retrouver sa voiture sur un parking de supermarché,"['confident', 'desperate', 'frustrated', 'happy', 'interested', 'surprised']","{'annoyed': 12.16589258698086, 'anxious': 23.75445773676621, 'confident': 52.49546788334113, 'desperate': 32.23077102353685, 'frustrated': 63.230801625790356, 'happy': 84.31428308663806, 'interested': 82.02127021604457, 'relaxed': 39.249164093024234, 'satisfied': 47.95855516048754, 'surprised': 42.53911309591802}"
50,/data/yongxin/THERADIA_MRG/Data/WavsProcessed/M02E/M02E_seance1_0605/M02E_1_051.wav,,"['annoyed', 'anxious', 'desperate', 'frustrated', 'happy', 'interested', 'surprised']","{'annoyed': 46.85946061394267, 'anxious': 33.67453141940321, 'confident': 21.71854677677067, 'desperate': 34.37855753316974, 'frustrated': 65.81095735932962, 'happy': 44.50057080039171, 'interested': 66.19612687053244, 'relaxed': 26.551583968626765, 'satisfied': 20.94863203690143, 'surprised': 58.356098330391895}"
51,/data/yongxin/THERADIA_MRG/Data/WavsProcessed/M02E/M02E_seance1_0605/M02E_1_052.wav,,"['annoyed', 'anxious', 'desperate', 'frustrated', 'happy', 'interested', 'surprised']","{'annoyed': 29.713657565854582, 'anxious': 41.98535624270863, 'confident': 22.027244826581555, 'desperate': 51.397374246075806, 'frustrated': 92.19609915384387, 'happy': 41.90673228940862, 'interested': 60.367296616476686, 'relaxed': 9.43286295983064, 'satisfied': 21.206532400236686, 'surprised': 57.57642078389717}"
52,/data/yongxin/THERADIA_MRG/Data/WavsProcessed/M02E/M02E_seance1_0605/M02E_1_053.wav,localiser l'objet qui correspond pas la situation ensuite effectivement localiser voilà,"['anxious', 'desperate', 'frustrated', 'happy', 'interested']","{'annoyed': 2.314335384236003, 'anxious': 32.4272597383413, 'confident': 39.157830038535366, 'desperate': 36.45438072650563, 'frustrated': 62.867344637101816, 'happy': 46.672620556723516, 'interested': 79.48575230139782, 'relaxed': 41.09814564508312, 'satisfied': 33.37556848721333, 'surprised': 28.50738327226608}"
53,/data/yongxin/THERADIA_MRG/Data/WavsProcessed/M02E/M02E_seance1_0605/M02E_1_054.wav,,"['annoyed', 'anxious', 'desperate', 'frustrated', 'happy', 'interested', 'surprised']","{'annoyed': 28.49987934148011, 'anxious': 43.71694670019265, 'confident': 20.012862782333826, 'desperate': 38.92042862262322, 'frustrated': 82.55079275383284, 'happy': 47.498237676720066, 'interested': 67.85873435087255, 'relaxed': 22.653263053617735, 'satisfied': 12.297114691652816, 'surprised': 66.67468013876518}"
54,/data/yongxin/THERADIA_MRG/Data/WavsProcessed/M02E/M02E_seance1_0605/M02E_1_055.wav,,"['annoyed', 'anxious', 'desperate', 'frustrated', 'happy', 'surprised']","{'annoyed': 36.47964538155541, 'anxious': 46.277240933712136, 'confident': 15.367581213269467, 'desperate': 52.43378778125032, 'frustrated': 87.32847762780085, 'happy': 56.48095603430927, 'interested': 55.941306064693585, 'relaxed': 23.01151434118587, 'satisfied': 14.657854642061405, 'surprised': 50.286947399974565}"
55,/data/yongxin/THERADIA_MRG/Data/WavsProcessed/M02E/M02E_seance1_0605/M02E_1_056.wav,,"['anxious', 'desperate', 'frustrated', 'happy', 'interested', 'surprised']","{'annoyed': 19.31323430468619, 'anxious': 44.500190422135475, 'confident': 13.322951831129984, 'desperate': 46.897086133926116, 'frustrated': 79.01315532287387, 'happy': 56.519055161186294, 'interested': 85.64326619417974, 'relaxed': 24.74381674278228, 'satisfied': 10.60095418815472, 'surprised': 64.43659293485256}"
56,/data/yongxin/THERADIA_MRG/Data/WavsProcessed/M02E/M02E_seance1_0605/M02E_1_057.wav,,"['annoyed', 'anxious', 'desperate', 'frustrated', 'happy', 'interested', 'surprised']","{'annoyed': 39.121869883438634, 'anxious': 47.45517686655515, 'confident': 21.322587140810896, 'desperate': 44.812574661802714, 'frustrated': 79.78097320602696, 'happy': 48.96191837486747, 'interested': 71.33777299175445, 'relaxed': 26.445039156248917, 'satisfied': 16.103010045748533, 'surprised': 73.62909420695543}"
57,/data/yongxin/THERADIA_MRG/Data/WavsProcessed/M02E/M02E_seance1_0605/M02E_1_058.wav,,"['annoyed', 'anxious', 'desperate', 'frustrated', 'happy', 'interested', 'surprised']","{'annoyed': 38.27957468927073, 'anxious': 50.61498291686118, 'confident': 12.727342374759784, 'desperate': 50.03105410427284, 'frustrated': 88.86536905324874, 'happy': 41.423082388966066, 'interested': 60.273975017960204, 'relaxed': 17.666366527340035, 'satisfied': 10.039000183398667, 'surprised': 75.0580277149763}"
58,/data/yongxin/THERADIA_MRG/Data/WavsProcessed/M02E/M02E_seance1_0605/M02E_1_059.wav,,"['annoyed', 'anxious', 'desperate', 'frustrated', 'happy', 'interested', 'surprised']","{'annoyed': 43.15698637496387, 'anxious': 34.81888209201563, 'confident': 18.881236611186644, 'desperate': 35.523402544846206, 'frustrated': 80.5699053699677, 'happy': 62.10195995334765, 'interested': 80.77784909074863, 'relaxed': 34.33031752578243, 'satisfied': 30.74434890834035, 'surprised': 68.54043637550649}"
59,/data/yongxin/THERADIA_MRG/Data/WavsProcessed/M02E/M02E_seance1_0605/M02E_1_060.wav,,"['annoyed', 'anxious', 'desperate', 'frustrated', 'happy', 'interested', 'surprised']","{'annoyed': 30.41546112234841, 'anxious': 36.8277821450596, 'confident': 30.713547036211136, 'desperate': 32.72881964642035, 'frustrated': 70.04171560340187, 'happy': 35.2674476290869, 'interested': 84.34122771743677, 'relaxed': 34.1817802752124, 'satisfied': 25.497068731130447, 'surprised': 44.843528779952855}"
60,/data/yongxin/THERADIA_MRG/Data/WavsProcessed/M02E/M02E_seance1_0605/M02E_1_061.wav,,"['annoyed', 'frustrated', 'happy', 'interested', 'surprised']","{'annoyed': 27.646299425136714, 'anxious': 23.17870468517253, 'confident': 31.736871572401373, 'desperate': 19.59557217016494, 'frustrated': 66.5879620204369, 'happy': 39.622440567184675, 'interested': 70.98149143047907, 'relaxed': 24.10210250422827, 'satisfied': 40.961664606118866, 'surprised': 49.279679186826314}"
61,/data/yongxin/THERADIA_MRG/Data/WavsProcessed/M02E/M02E_seance1_0605/M02E_1_062.wav,,"['annoyed', 'anxious', 'desperate', 'frustrated', 'happy', 'interested', 'surprised']","{'annoyed': 44.27868000711649, 'anxious': 48.87802480187615, 'confident': 18.53996333381491, 'desperate': 58.944820062738245, 'frustrated': 96.95432694767486, 'happy': 41.33128958720312, 'interested': 66.95929134021398, 'relaxed': 13.115572770019117, 'satisfied': 3.8467942437356903, 'surprised': 76.16998741089017}"
62,/data/yongxin/THERADIA_MRG/Data/WavsProcessed/M02E/M02E_seance1_0605/M02E_1_063.wav,,"['annoyed', 'anxious', 'desperate', 'frustrated', 'happy', 'interested', 'surprised']","{'annoyed': 43.54412075327559, 'anxious': 48.77556305575652, 'confident': 17.00286731872082, 'desperate': 52.83750550957739, 'frustrated': 89.4979952506392, 'happy': 35.10633851092022, 'interested': 66.36225098166956, 'relaxed': 7.547452108519977, 'satisfied': 8.263771059247048, 'surprised': 75.44324229817288}"
63,/data/yongxin/THERADIA_MRG/Data/WavsProcessed/M02E/M02E_seance1_0605/M02E_1_064.wav,,"['annoyed', 'anxious', 'desperate', 'frustrated', 'happy', 'interested', 'surprised']","{'annoyed': 43.74837106046187, 'anxious': 42.670243535954484, 'confident': 18.373650673554835, 'desperate': 53.59723309052027, 'frustrated': 94.97250258628816, 'happy': 37.18262143948289, 'interested': 77.28010624116226, 'relaxed': 11.746720368588445, 'satisfied': 7.706975330018349, 'surprised': 84.69434366748158}"
64,/data/yongxin/THERADIA_MRG/Data/WavsProcessed/M02E/M02E_seance1_0605/M02E_1_065.wav,,"['annoyed', 'anxious', 'desperate', 'frustrated', 'happy', 'interested', 'surprised']","{'annoyed': 36.927581299375106, 'anxious': 48.93729604046159, 'confident': 17.355466442491903, 'desperate': 50.89894508845602, 'frustrated': 90.99233306706846, 'happy': 37.378782073210616, 'interested': 69.447035176459, 'relaxed': 12.809230755150104, 'satisfied': 12.343151119767228, 'surprised': 79.2423143892895}"
65,/data/yongxin/THERADIA_MRG/Data/WavsProcessed/M02E/M02E_seance1_0605/M02E_1_066.wav,,"['annoyed', 'anxious', 'desperate', 'frustrated', 'happy', 'surprised']","{'annoyed': 30.066666678897093, 'anxious': 59.42461222822422, 'confident': 12.098690278390734, 'desperate': 48.70443118811158, 'frustrated': 90.46465037593141, 'happy': 38.40727161983702, 'interested': 58.0715094022754, 'relaxed': 7.419715391353851, 'satisfied': 2.399355711224395, 'surprised': 77.62311378412745}"
66,/data/yongxin/THERADIA_MRG/Data/WavsProcessed/M02E/M02E_seance1_0605/M02E_1_067.wav,,"['annoyed', 'anxious', 'desperate', 'frustrated', 'happy', 'interested', 'surprised']","{'annoyed': 43.37768934908058, 'anxious': 36.73189793528647, 'confident': 32.75012655273786, 'desperate': 37.005193277950085, 'frustrated': 66.41059302364025, 'happy': 44.19754510969875, 'interested': 91.93424675264356, 'relaxed': 32.83317865951856, 'satisfied': 20.567197349593645, 'surprised': 49.75022253495614}"
67,/data/yongxin/THERADIA_MRG/Data/WavsProcessed/M02E/M02E_seance1_0605/M02E_1_068.wav,,"['annoyed', 'anxious', 'desperate', 'frustrated', 'happy', 'interested', 'surprised']","{'annoyed': 46.34670656933918, 'anxious': 46.67210961450381, 'confident': 22.505806579490585, 'desperate': 46.926572888274336, 'frustrated': 82.03546181846426, 'happy': 31.130555661024918, 'interested': 89.47376459338804, 'relaxed': 31.901014264087976, 'satisfied': 29.24709729944072, 'surprised': 46.509543242698676}"
68,/data/yongxin/THERADIA_MRG/Data/WavsProcessed/M02E/M02E_seance1_0605/M02E_1_069.wav,,"['annoyed', 'anxious', 'frustrated', 'happy', 'interested', 'surprised']","{'annoyed': 51.91461638785498, 'anxious': 31.17743751866915, 'confident': 27.78097682353539, 'desperate': 20.464742233836454, 'frustrated': 64.36212606435816, 'happy': 45.35388761514875, 'interested': 80.94113591811595, 'relaxed': 36.48769992668592, 'satisfied': 30.398902703686392, 'surprised': 61.75541582518052}"
69,/data/yongxin/THERADIA_MRG/Data/WavsProcessed/M02E/M02E_seance1_0605/M02E_1_070.wav,,"['annoyed', 'anxious', 'desperate', 'frustrated', 'happy', 'interested', 'surprised']","{'annoyed': 46.48999578161522, 'anxious': 46.89177300206126, 'confident': 13.259400066802952, 'desperate': 54.00300121412227, 'frustrated': 91.57873904077667, 'happy': 38.21058300198209, 'interested': 64.8853876350158, 'relaxed': 7.559439587907534, 'satisfied': 6.988538263199942, 'surprised': 78.760730726649}"
70,/data/yongxin/THERADIA_MRG/Data/WavsProcessed/M02E/M02E_seance1_0605/M02E_1_071.wav,,"['annoyed', 'anxious', 'desperate', 'frustrated', 'happy', 'interested', 'surprised']","{'annoyed': 45.81425049004777, 'anxious': 50.3018313438034, 'confident': 16.717067968160485, 'desperate': 47.92824905535168, 'frustrated': 87.82860961768041, 'happy': 34.77132893615045, 'interested': 70.10766367009782, 'relaxed': 11.464984570152573, 'satisfied': 12.208844070361957, 'surprised': 82.15191514605574}"
71,/data/yongxin/THERADIA_MRG/Data/WavsProcessed/M02E/M02E_seance1_0605/M02E_1_072.wav,,"['annoyed', 'anxious', 'desperate', 'frustrated', 'happy', 'interested', 'surprised']","{'annoyed': 42.83490063290614, 'anxious': 48.600741481114014, 'confident': 18.890277758295024, 'desperate': 49.09000598056864, 'frustrated': 86.21997167507159, 'happy': 38.07953742203587, 'interested': 72.33294748480904, 'relaxed': 12.472688708785864, 'satisfied': 11.614086028264563, 'surprised': 80.0899627775881}"
72,/data/yongxin/THERADIA_MRG/Data/WavsProcessed/M02E/M02E_seance1_0605/M02E_1_073.wav,,"['anxious', 'desperate', 'frustrated', 'happy', 'interested', 'surprised']","{'annoyed': 24.41646581532118, 'anxious': 41.29184201378416, 'confident': 22.612139638407644, 'desperate': 35.637919840725345, 'frustrated': 73.01459731324726, 'happy': 48.02767293997629, 'interested': 60.467922403866986, 'relaxed': 25.974673519462172, 'satisfied': 14.678414123965311, 'surprised': 65.97677918693748}"
73,/data/yongxin/THERADIA_MRG/Data/WavsProcessed/M02E/M02E_seance1_0605/M02E_1_074.wav,,"['annoyed', 'anxious', 'desperate', 'frustrated', 'happy', 'interested', 'surprised']","{'annoyed': 29.668574994259387, 'anxious': 43.145603368440646, 'confident': 17.84873111304315, 'desperate': 45.53611428790081, 'frustrated': 87.84662800741232, 'happy': 38.215996895292854, 'interested': 70.15080691315174, 'relaxed': 16.056853172936865, 'satisfied': 6.485719343517907, 'surprised': 79.3768144804845}"
74,/data/yongxin/THERADIA_MRG/Data/WavsProcessed/M02E/M02E_seance1_0605/M02E_1_075.wav,,"['annoyed', 'anxious', 'desperate', 'frustrated', 'happy', 'interested', 'surprised']","{'annoyed': 43.39734594782312, 'anxious': 48.6514903477493, 'confident': 14.687625010290702, 'desperate': 45.64212850284751, 'frustrated': 85.02548450375465, 'happy': 39.4141731744584, 'interested': 67.3528546680944, 'relaxed': 16.51320980350644, 'satisfied': 10.089628543743146, 'surprised': 75.89000355734647}"
75,/data/yongxin/THERADIA_MRG/Data/WavsProcessed/M02E/M02E_seance1_0605/M02E_1_076.wav,,"['annoyed', 'anxious', 'desperate', 'frustrated', 'happy', 'surprised']","{'annoyed': 38.941379396216064, 'anxious': 49.616558119042864, 'confident': 16.8852252990135, 'desperate': 45.81318977289548, 'frustrated': 81.07564596643375, 'happy': 42.60532629051096, 'interested': 56.43156832728921, 'relaxed': 15.629130060193862, 'satisfied': 9.555528757261474, 'surprised': 66.08890908519781}"
76,/data/yongxin/THERADIA_MRG/Data/WavsProcessed/M02E/M02E_seance1_0605/M02E_1_077.wav,bah ouais,"['frustrated', 'happy', 'interested', 'surprised']","{'annoyed': 24.816866650235347, 'anxious': 29.659783576366525, 'confident': 29.55812676086417, 'desperate': 4.3509512695052255, 'frustrated': 74.00744910296312, 'happy': 47.62804636607086, 'interested': 83.99353161911594, 'relaxed': 44.30669015179623, 'satisfied': 46.607227438734014, 'surprised': 68.19292967563233}"
77,/data/yongxin/THERADIA_MRG/Data/WavsProcessed/M02E/M02E_seance1_0605/M02E_1_078.wav,il y a une phase de mise au point de la manipulation j'ai fait des bêtises mais après c'est facile quand on a plus le système,"['confident', 'frustrated', 'happy', 'interested', 'surprised']","{'annoyed': 18.03168718880059, 'anxious': 24.01666037707428, 'confident': 45.92565146190073, 'desperate': 20.888489817863658, 'frustrated': 60.84627933662463, 'happy': 53.17946014877393, 'interested': 86.37684166087368, 'relaxed': 44.975553685443614, 'satisfied': 49.53250127137995, 'surprised': 40.41358138746037}"
78,/data/yongxin/THERADIA_MRG/Data/WavsProcessed/M02E/M02E_seance1_0605/M02E_1_079.wav,,"['anxious', 'frustrated', 'happy', 'interested', 'surprised']","{'annoyed': 24.316975837622813, 'anxious': 36.03017220623478, 'confident': 30.86711167712887, 'desperate': 26.561552800483142, 'frustrated': 61.76211585399199, 'happy': 50.10234166582376, 'interested': 81.6542566720012, 'relaxed': 37.692069237772735, 'satisfied': 43.166259453886724, 'surprised': 45.14909274122209}"
79,/data/yongxin/THERADIA_MRG/Data/WavsProcessed/M02E/M02E_seance1_0605/M02E_1_080.wav,,"['annoyed', 'anxious', 'desperate', 'frustrated', 'happy', 'interested', 'surprised']","{'annoyed': 35.02559718927634, 'anxious': 49.076077921716816, 'confident': 15.1816919185988, 'desperate': 40.888363356992755, 'frustrated': 82.21241574126562, 'happy': 41.759475422703765, 'interested': 62.87658302523919, 'relaxed': 18.19350543335629, 'satisfied': 8.606635315348388, 'surprised': 77.70760895087498}"
80,/data/yongxin/THERADIA_MRG/Data/WavsProcessed/M02E/M02E_seance1_0605/M02E_1_081.wav,,"['annoyed', 'desperate', 'frustrated', 'happy', 'interested', 'surprised']","{'annoyed': 33.046822784119954, 'anxious': 23.42202929767572, 'confident': 24.477276475583242, 'desperate': 33.208597994580046, 'frustrated': 64.11242141172426, 'happy': 44.65292244025272, 'interested': 83.47455764220919, 'relaxed': 31.79962464952838, 'satisfied': 16.381852922734367, 'surprised': 45.30055601237693}"
81,/data/yongxin/THERADIA_MRG/Data/WavsProcessed/M02E/M02E_seance1_0605/M02E_1_082.wav,,"['anxious', 'desperate', 'frustrated', 'happy', 'interested', 'surprised']","{'annoyed': 22.287992064398587, 'anxious': 33.84603468064441, 'confident': 25.038618297998127, 'desperate': 32.386378876781784, 'frustrated': 70.89008015636135, 'happy': 54.96827669614347, 'interested': 84.37843367192235, 'relaxed': 35.7228507065291, 'satisfied': 28.21632368524537, 'surprised': 61.2827460816291}"
82,/data/yongxin/THERADIA_MRG/Data/WavsProcessed/M02E/M02E_seance1_0605/M02E_1_083.wav,,"['annoyed', 'desperate', 'frustrated', 'happy', 'interested', 'surprised']","{'annoyed': 36.47456080473495, 'anxious': 29.824749701277497, 'confident': 17.647801812843504, 'desperate': 31.692622945840725, 'frustrated': 73.46344145592221, 'happy': 44.924367851382684, 'interested': 69.45644171024597, 'relaxed': 23.629689897144985, 'satisfied': 22.474552369097648, 'surprised': 40.38728582683171}"
83,/data/yongxin/THERADIA_MRG/Data/WavsProcessed/M02E/M02E_seance1_0605/M02E_1_084.wav,,"['annoyed', 'anxious', 'desperate', 'frustrated', 'happy', 'interested', 'surprised']","{'annoyed': 44.95513981798913, 'anxious': 45.205260908278944, 'confident': 18.498209263023952, 'desperate': 45.46216809676649, 'frustrated': 85.97752711418785, 'happy': 39.592413736743076, 'interested': 63.856055165125674, 'relaxed': 14.306042527556539, 'satisfied': 9.253700701844618, 'surprised': 77.64719326323198}"
84,/data/yongxin/THERADIA_MRG/Data/WavsProcessed/M02E/M02E_seance1_0605/M02E_1_085.wav,,"['annoyed', 'anxious', 'desperate', 'frustrated', 'happy', 'interested', 'surprised']","{'annoyed': 45.3003358404706, 'anxious': 47.38040712919053, 'confident': 15.255730067287343, 'desperate': 50.24368089317325, 'frustrated': 88.37383032504371, 'happy': 40.45415222628958, 'interested': 71.53112888958688, 'relaxed': 8.412636160184803, 'satisfied': 9.937449136712278, 'surprised': 85.7124192347641}"
85,/data/yongxin/THERADIA_MRG/Data/WavsProcessed/M02E/M02E_seance1_0605/M02E_1_086.wav,,"['annoyed', 'anxious', 'desperate', 'frustrated', 'happy', 'interested', 'surprised']","{'annoyed': 29.528010443695585, 'anxious': 43.99992771612288, 'confident': 9.757610172858339, 'desperate': 37.1720809253646, 'frustrated': 90.66516883324763, 'happy': 47.3987439016732, 'interested': 69.10675930660076, 'relaxed': 15.168188142235518, 'satisfied': 8.67777629402481, 'surprised': 68.58948448498586}"
86,/data/yongxin/THERADIA_MRG/Data/WavsProcessed/M02E/M02E_seance1_0605/M02E_1_087.wav,,"['annoyed', 'anxious', 'desperate', 'frustrated', 'happy', 'interested', 'surprised']","{'annoyed': 26.78604604193393, 'anxious': 33.59395157514382, 'confident': 28.862098435278213, 'desperate': 37.63433885844657, 'frustrated': 73.57733106857381, 'happy': 45.49124673282121, 'interested': 78.8020660435773, 'relaxed': 27.5717948916108, 'satisfied': 28.32730711410798, 'surprised': 54.766428259938486}"
87,/data/yongxin/THERADIA_MRG/Data/WavsProcessed/M02E/M02E_seance1_0605/M02E_1_088.wav,,"['annoyed', 'anxious', 'frustrated', 'happy', 'interested', 'surprised']","{'annoyed': 30.7525908713198, 'anxious': 36.588493522030475, 'confident': 27.432959805740765, 'desperate': 20.88634970781697, 'frustrated': 57.57014829934453, 'happy': 47.28963105204046, 'interested': 77.53491984926737, 'relaxed': 22.19135204806524, 'satisfied': 32.43125200753715, 'surprised': 49.27560408587452}"
88,/data/yongxin/THERADIA_MRG/Data/WavsProcessed/M02E/M02E_seance1_0605/M02E_1_089.wav,,"['annoyed', 'anxious', 'desperate', 'frustrated', 'happy', 'interested', 'surprised']","{'annoyed': 35.56654836485946, 'anxious': 31.11726755503625, 'confident': 37.02106509595721, 'desperate': 32.78425287846604, 'frustrated': 66.2466319833452, 'happy': 42.115480762183964, 'interested': 60.38035053304929, 'relaxed': 35.79854289586016, 'satisfied': 31.14360961800879, 'surprised': 53.708250678352854}"
89,/data/yongxin/THERADIA_MRG/Data/WavsProcessed/M02E/M02E_seance1_0605/M02E_1_090.wav,l'avant-dernier,"['annoyed', 'anxious', 'desperate', 'frustrated', 'happy', 'surprised']","{'annoyed': 27.121262902189514, 'anxious': 32.0077483747944, 'confident': 29.873298362831104, 'desperate': 37.84971899079158, 'frustrated': 77.2140627484624, 'happy': 54.46022717143778, 'interested': 56.137034929302025, 'relaxed': 35.78942038507887, 'satisfied': 39.192281857882264, 'surprised': 51.96142708478265}"
90,/data/yongxin/THERADIA_MRG/Data/WavsProcessed/M02E/M02E_seance1_0605/M02E_1_091.wav,,"['annoyed', 'anxious', 'desperate', 'frustrated', 'happy', 'interested', 'surprised']","{'annoyed': 26.020722743308916, 'anxious': 40.57310856854859, 'confident': 20.921269048758546, 'desperate': 41.570713477615165, 'frustrated': 78.62046131825535, 'happy': 42.61201151716682, 'interested': 77.42910900793063, 'relaxed': 17.97412004984655, 'satisfied': 19.59469395320171, 'surprised': 58.67868759405561}"
91,/data/yongxin/THERADIA_MRG/Data/WavsProcessed/M02E/M02E_seance1_0605/M02E_1_092.wav,,"['annoyed', 'desperate', 'frustrated', 'happy', 'interested', 'surprised']","{'annoyed': 31.821939992117812, 'anxious': 29.569292764442665, 'confident': 9.061895020398167, 'desperate': 40.137557668497244, 'frustrated': 92.34141453236649, 'happy': 45.06815827039837, 'interested': 68.03955529397643, 'relaxed': 17.76828861606834, 'satisfied': 7.6090562472498995, 'surprised': 62.94312831502717}"
92,/data/yongxin/THERADIA_MRG/Data/WavsProcessed/M02E/M02E_seance1_0605/M02E_1_093.wav,,"['annoyed', 'anxious', 'desperate', 'frustrated', 'happy', 'interested', 'surprised']","{'annoyed': 35.455786790775136, 'anxious': 40.069921943878484, 'confident': 19.520483101118, 'desperate': 32.442886373224276, 'frustrated': 76.00206182922405, 'happy': 55.67194098798795, 'interested': 78.56824133737845, 'relaxed': 29.0037798510514, 'satisfied': 28.04034642174925, 'surprised': 61.52141390123147}"
